Study,Time,C14,N15,P33,Treatment
Chen et al. (2019),4,2.09600333055787,,0.024927349047465,LowP
Chen et al. (2019),6,0.679308909242298,0.07593147751606,0.005553761704876,LowP
Chen et al. (2019),11,0.387052456286428,0.041241970021413,0.00439134646432,LowP
Chen et al. (2019),17,0.352206494587843,0.02813704496788,0.005553761704876,LowP
Chen et al. (2019),4,16.9595512511504,2.126852248394,0.936777526638683,HighP
Chen et al. (2019),6,13.3188604637836,1.99541755888651,0.531740393929609,HighP
Chen et al. (2019),11,10.8917332722057,1.22993576017131,0.420665159832096,HighP
Chen et al. (2019),17,9.98156057536399,0.781670235546039,0.470132386180174,HighP
