Study,Soil,Substrate,Clay,pH,Ctot,Ntot,Time,Cmicinit,Sinit,Cmic12,Cmic14,CO214,CO214cumul,S,kec,Treatment
"Santruckova et al., 2004",sandy loam,Glucose,20,5.47,1.37,0.15,0,7.69413249018229,26.3762340526799,7.69413249018229,0,0,0,26.3762340526799,,OX-OX
"Santruckova et al., 2004",sandy loam,Glucose,20,5.47,1.37,0.15,0.333333333333333,7.69413249018229,26.3762340526799,8.90438986146657,3.68010348725476,5.10149462036742,1.70049820678914,15.7599687151346,,OX-OX
"Santruckova et al., 2004",sandy loam,Glucose,20,5.47,1.37,0.15,0.666666666666667,7.69413249018229,26.3762340526799,10.1503966338902,4.56277091245275,5.46897941507714,3.52349134514819,5.93915538888555,0.32,OX-OX
"Santruckova et al., 2004",sandy loam,Glucose,20,5.47,1.37,0.15,1,7.69413249018229,26.3762340526799,11.7140080914079,4.81983260464175,5.62426251043709,5.39824551529388,0,0.26,OX-OX
"Santruckova et al., 2004",sandy loam,Glucose,20,5.47,1.37,0.15,2,7.69413249018229,26.3762340526799,10.5869952914991,4.428161906393,1.12951867947163,6.52776419476551,0,0.23,OX-OX
"Santruckova et al., 2004",sandy loam,Glucose,20,5.47,1.37,0.15,3,7.69413249018229,26.3762340526799,10.5664348192755,4.14456385728253,0.439491241202398,6.96725543596791,0,0.22,OX-OX
