Study,Soil,Substrate,Clay,pH,Ctot,Ntot,Time,PLFAinit,Sinit,PLFA,CO2cumul,S
"Ziegler et al., 2005",Captina silt loam,Glucose,14,6.6,9.21,0.92,0,1.10577851790175,40,0,0,42.6311407160699
"Ziegler et al., 2005",Captina silt loam,Glucose,14,6.6,9.21,0.92,0.208333333333333,1.10577851790175,40,0.26158201498751,0.166527893422148,28.6427976686095
"Ziegler et al., 2005",Captina silt loam,Glucose,14,6.6,9.21,0.92,0.416666666666667,1.10577851790175,40,0.273472106577852,1.24895920066611,20.6494587843464
"Ziegler et al., 2005",Captina silt loam,Glucose,14,6.6,9.21,0.92,0.625,1.10577851790175,40,0.273472106577852,2.91423813488759,0
"Ziegler et al., 2005",Captina silt loam,Glucose,14,6.6,9.21,0.92,1,1.10577851790175,40,,,0
"Ziegler et al., 2005",Captina silt loam,Glucose,14,6.6,9.21,0.92,2,1.10577851790175,40,0.214021648626145,5.41215653621982,0
